iris_delta,dental_show_delta,pfissure_r_delta,pfissure_l_delta,Lateral canthus (L) x,Lateral canthus (L) y,Lateral canthus (R) x,Lateral canthus (R) y,Palpebral fissure (RU) x,Palpebral fissure (RU) y,Palpebral fissure (RL) x,Palpebral fissure (RL) y,Palpebral fissure (LU) x,Palpebral fissure (LU) y,Palpebral fissure (LL) x,Palpebral fissure (LL) y,Depressor (L) x,Depressor (L) y,Depressor (R) x,Depressor (R) y,Depressor (M) x,Depressor (M) y,Iris (M) x,Iris (M) y,Iris (L) x,Iris (L) y,Nasal ala (L) x,Nasal ala (L) y,Nasal ala (R) x,Nasal ala (R) y,Medial brow (L) x,Medial brow (L) y,Medial brow (R) x,Medial brow (R) y,Malar eminence (L) x,Malar eminence (L) y,Malar eminence (R) x,Malar eminence (R) y
15.54300001191895 0.0 10.423735365791435 11.852120117274863 1266.59425782 570.028990934 1139.57790428 560.416942557 1163.60802522 558.013930463 1160.51843824 567.969266282 1247.71344851 562.476667209 1245.65372386 574.148440238 1222.3101778 651.731402135 1183.51869685 651.044827251 1202.74279361 654.477701671 1168.41404941 563.506529535 1152.96611451 561.790092325 1223.34004013 603.671160252 1184.54855918 600.581573274 1257.32549689 553.551193717 1155.36912661 544.625720224 1253.54933503 607.790609556 1142.32420381 597.835273737
15.595699381207783 1.068921570986529 10.05867917790749 11.237052403533765 1266.17252042 569.692446852 1139.7538601 560.374106505 1163.33895959 557.810897535 1160.42483195 567.43819658 1247.44430034 562.405857841 1245.59054815 573.4889508 1222.80136521 651.902075441 1182.54905789 651.37315762 1202.47623242 654.952242257 1168.28737838 563.110234998 1152.78224464 561.431942147 1223.23874365 603.263383493 1184.36592973 600.215756489 1257.02963941 553.393936379 1155.25645403 544.515514278 1254.7880882 607.059887441 1141.4690333 597.432588396
15.648523339842065 2.137843140557407 9.694151995695108 10.62298827851111 1265.75078302 569.35590277 1139.92981593 560.331270452 1163.06989396 557.607864607 1160.33122565 566.907126879 1247.17515217 562.335048472 1245.52737244 572.829461363 1223.29255262 652.072748748 1181.57941893 651.701487989 1202.20967122 655.426782844 1168.16070735 562.713940461 1152.59837476 561.073791969 1223.13744716 602.855606734 1184.18330028 599.849939704 1256.73378193 553.23667904 1155.14378146 544.405308332 1256.02684138 606.329165326 1140.61386279 597.029903054
15.701470630373416 3.2067647105447095 9.330215815288156 10.010112431286712 1265.32904562 569.019358689 1140.10577176 560.2884344 1162.80082833 557.404831679 1160.23761936 566.376057177 1246.90600399 562.264239103 1245.46419674 572.169971925 1223.78374003 652.243422054 1180.60977997 652.029818359 1201.94311003 655.901323431 1168.03403633 562.317645923 1152.41450488 560.715641791 1223.03615068 602.447829975 1184.00067083 599.48412292 1256.43792445 553.079421702 1155.03110888 544.295102385 1257.26559455 605.598443211 1139.75869229 596.627217713
15.754539979796675 4.275686281114823 8.966942602221401 9.398657330263976 1264.90730821 568.682814607 1140.28172759 560.245598348 1162.5317627 557.201798751 1160.14401307 565.844987476 1246.63685582 562.193429735 1245.40102103 571.510482487 1224.27492744 652.414095361 1179.640141 652.358148728 1201.67654884 656.375864018 1167.9073653 561.921351386 1152.23063501 560.357491613 1222.9348542 602.040053215 1183.81804138 599.118306135 1256.14206697 552.922164363 1154.9184363 544.184896439 1258.50434773 604.867721096 1138.90352178 596.224532371
15.807730188233943 5.34460785110223 8.604416325088355 8.788919508651322 1264.48557081 568.346270525 1140.45768342 560.202762295 1162.26269707 556.998765823 1160.05040678 565.313917774 1246.36770765 562.122620366 1245.33784532 570.85099305 1224.76611485 652.584768667 1178.67050204 652.686479097 1201.40998765 656.850404605 1167.78069427 561.525056848 1152.04676513 559.999341435 1222.83355771 601.632276456 1183.63541193 598.752489351 1255.84620949 552.764907025 1154.80576373 544.074690493 1259.7431009 604.136998981 1138.04835127 595.82184703
15.86104004008179 6.413529421505833 8.242735542661315 8.181282929229212 1264.06383341 568.009726444 1140.63363924 560.159926243 1161.99363145 556.795732895 1159.95680049 564.782848073 1246.09855947 562.051810997 1245.27466961 570.191503612 1225.25730226 652.755441974 1177.70086308 653.014809467 1201.14342646 657.324945191 1167.65402325 561.128762311 1151.86289525 559.641191257 1222.73226123 601.224499697 1183.45278248 598.386672566 1255.55035201 552.607649687 1154.69309115 543.964484546 1260.98185408 603.406276866 1137.19318076 595.419161688
15.914468303048809 7.482450992075948 7.882016641925275 7.576253188134251 1263.64209601 567.673182362 1140.80959507 560.117090191 1161.72456582 556.592699967 1159.86319419 564.251778371 1245.8294113 561.981001628 1245.21149391 569.532014174 1225.74848967 652.92611528 1176.73122412 653.343139836 1200.87686526 657.799485778 1167.52735222 560.732467773 1151.67902538 559.283041079 1222.63096475 600.816722938 1183.27015302 598.020855781 1255.25449454 552.450392348 1154.58041858 543.8542786 1262.22060725 602.675554751 1136.33801025 595.016476347
15.968013828352088 8.55137256206324 7.522397998313384 6.974508738659807 1263.2203586 567.33663828 1140.9855509 560.074254138 1161.45550019 556.389667039 1159.7695879 563.72070867 1245.56026313 561.91019226 1245.1483182 568.872524737 1226.23967708 653.096788587 1175.76158515 653.671470205 1200.61030407 658.274026365 1167.4006812 560.336173236 1151.4951555 558.924890901 1222.52966827 600.408946179 1183.08752357 597.655038997 1254.95863706 552.29313501 1154.467746 543.744072654 1263.45936043 601.944832636 1135.48283974 594.613791005
16.021675410527724 9.620294132050542 7.164045305644712 6.376979667240761 1262.7986212 567.000094198 1141.16150673 560.031418086 1161.18643456 556.186634111 1159.67598161 563.189638968 1245.29111496 561.839382891 1245.08514249 568.213035299 1226.73086448 653.267461893 1174.79194619 653.999800575 1200.34374288 658.748566952 1167.27401017 559.939878699 1151.31128562 558.566740723 1222.42837178 600.00116942 1182.90489412 597.289222212 1254.66277958 552.135877672 1154.35507343 543.633866708 1264.6981136 601.21411052 1134.62766924 594.211105664
16.075451897120217 10.689215702620656 6.8071585012513784 5.784972338999978 1262.3768838 566.663550117 1141.33746256 559.988582033 1160.91736893 555.983601183 1159.58237532 562.658569267 1245.02196678 561.768573522 1245.02196678 567.553545861 1227.22205189 653.4381352 1173.82230723 654.328130944 1200.07718169 659.223107538 1167.14733914 559.543584161 1151.12741574 558.208590545 1222.3270753 599.593392661 1182.72226467 596.923405428 1254.3669221 551.978620333 1154.24240085 543.523660761 1265.93686678 600.483388405 1133.77249873 593.808420322
15.653123427484072 11.191880227496961 7.304415414565702 6.223766350768713 1263.45595872 566.386856419 1141.69769476 559.326794023 1161.77394492 555.039410677 1160.25924062 562.185049587 1245.90421572 560.918517182 1245.73306269 567.139929741 1228.44660689 652.861923703 1174.70455617 654.727491706 1200.98510358 659.340065805 1167.73007029 558.907469105 1152.12091415 557.735070865 1222.89269114 598.871701091 1183.69009013 596.184598555 1254.79561552 551.950098526 1154.5427295 543.04158343 1266.12594595 599.881503955 1135.08263024 593.249324129
15.23189830808645 11.695814505694264 7.802513446656007 6.6666466137046925 1264.53503364 566.110162721 1142.05792697 558.665006013 1162.6305209 554.095220171 1160.93610593 561.711529907 1246.78646466 560.068460841 1246.44415861 566.726313621 1229.67116188 652.285712207 1175.58680511 655.126852468 1201.89302548 659.457024071 1168.31280143 558.271354049 1153.11441256 557.261551185 1223.45830698 598.150009521 1184.65791558 595.445791682 1255.22430893 551.921576719 1154.84305814 542.559506099 1266.31502513 599.279619504 1136.39276175 592.690227935
14.81187068235523 12.200861201467289 8.301301197904317 7.112849879680568 1265.61410856 565.833469024 1142.41815917 558.003218003 1163.48709689 553.151029665 1161.61297124 561.238010228 1247.6687136 559.2184045 1247.15525452 566.312697501 1230.89571688 651.709500711 1176.46905405 655.52621323 1202.80094737 659.573982337 1168.89553257 557.635238993 1154.10791097 556.788031506 1224.02392282 597.428317951 1185.62574103 594.706984809 1255.65300235 551.893054911 1155.14338679 542.077428768 1266.50410431 598.677735054 1137.70289326 592.131131741
14.393145388293977 12.7068876734643 8.800661396006527 7.561787923639015 1266.69318349 565.556775326 1142.77839138 557.341429993 1164.34367288 552.206839159 1162.28983654 560.764490548 1248.55096254 558.368348159 1247.86635043 565.899081381 1232.12027188 651.133289214 1177.35130299 655.925573992 1203.70886926 659.690940603 1169.47826371 556.999123937 1155.10140938 556.314511826 1224.58953865 596.706626381 1186.59356649 593.968177937 1256.08169576 551.864533104 1155.44371543 541.595351437 1266.69318349 598.075850603 1139.01302477 591.572035548
14.564106971953658 12.593162253776859 8.689750838433493 7.662058867489206 1266.93211395 566.001401994 1142.84616881 557.671954642 1164.3543993 552.4803128 1162.30056297 560.92386217 1248.90399502 558.698872809 1248.39053594 566.34370805 1232.07394729 651.520864873 1176.90562134 655.685588549 1203.94779972 659.964414243 1169.77424518 557.329648587 1155.22623782 556.645036475 1225.05667315 597.037151031 1187.23185401 594.298702586 1256.37767723 552.366210781 1155.7396969 542.039978105 1267.44557303 598.121120207 1138.62439412 591.332050105
14.735073000466434 12.47944370935212 8.578923991979842 7.766484458448988 1267.17104441 566.446028662 1142.91394624 558.002479292 1164.36512572 552.75378644 1162.31128939 561.083233792 1249.2570275 559.029397458 1248.91472144 566.788334718 1232.0276227 651.908440532 1176.45993968 655.445603106 1204.18673018 660.237887884 1170.07022665 557.660173236 1155.35106626 556.975561125 1225.52380765 597.36767568 1187.87014154 594.629227236 1256.6736587 552.867888458 1156.03567837 542.484604773 1268.19796257 598.16638981 1138.23576348 591.092064662
14.906043321027868 12.365732228873393 8.468184139902867 7.87489941730116 1267.40997487 566.89065533 1142.98172367 558.333003941 1164.37585214 553.02726008 1162.32201581 561.242605414 1249.61005998 559.359922108 1249.43890695 567.232961386 1231.98129812 652.296016191 1176.01425803 655.205617663 1204.42566064 660.511361524 1170.36620812 557.990697886 1155.4758947 557.306085775 1225.99094214 597.69820033 1188.50842906 594.959751886 1256.96964017 553.369566136 1156.33165984 542.929231441 1268.95035212 598.211659413 1137.84713284 590.852079219
15.077017787580116 12.252028009209567 8.357534740827196 7.987141296000004 1267.64890533 567.335281998 1143.0495011 558.663528591 1164.38657857 553.300733721 1162.33274223 561.401977035 1249.96309246 559.690446758 1249.96309246 567.677588054 1231.93497353 652.68359185 1175.56857638 654.96563222 1204.6645911 660.784835164 1170.66218959 558.321222535 1155.60072314 557.636610424 1226.45807664 598.02872498 1189.14671659 595.290276535 1257.26562164 553.871243813 1156.62764131 543.37385811 1269.70274166 598.256929017 1137.4585022 590.612093776
15.247996250666787 12.138331257092853 8.246979432052463 8.103051067869998 1267.88783579 567.779908666 1143.11727854 558.994053241 1164.39730499 553.574207361 1162.34346866 561.561348657 1250.31612493 560.020971407 1250.48727796 568.122214722 1231.88864894 653.071167509 1175.12289473 654.725646777 1204.90352156 661.058308805 1170.95817105 558.651747185 1155.72555158 557.967135074 1226.92521114 598.359249629 1189.78500411 595.620801185 1257.56160311 554.372921491 1156.92362278 543.818484778 1270.4551312 598.30219862 1137.06987155 590.372108333
15.418978597029316 12.02464218147234 8.136522054499682 8.222473616811357 1268.12676625 568.224535335 1143.18505597 559.32457789 1164.40803141 553.847681001 1162.35419508 561.720720279 1250.66915741 560.351496057 1251.01146347 568.56684139 1231.84232436 653.458743167 1174.67721308 654.485661334 1205.14245202 661.331782445 1171.25415252 558.982271835 1155.85038002 558.297659723 1227.39234563 598.689774279 1190.42329163 595.951325834 1257.85758458 554.874599168 1157.21960425 544.263111446 1271.20752075 598.347468223 1136.68124091 590.13212289
15.440277805426753 12.176221164258378 7.985276731840857 7.892637537662987 1268.15532483 568.491330299 1143.49316449 559.368873919 1165.1097919 554.285628994 1163.17576269 562.033156051 1250.86316392 560.892135866 1251.22258528 568.776585345 1232.42998283 653.314770865 1174.48327272 654.7638665 1205.28511262 661.433129483 1171.70488857 559.231951496 1156.27259057 558.735607716 1227.68333886 598.922338638 1190.57165734 595.972801459 1258.41101245 554.918895196 1157.41361075 544.370163584 1271.46428336 598.637083591 1137.85081968 590.530135176
15.463892591784905 12.327903344534368 7.834954496823305 7.562932780157499 1268.18388341 568.758125264 1143.80127302 559.413169947 1165.81155239 554.723576986 1163.9973303 562.345591823 1251.05717043 561.432775675 1251.43370709 568.986329301 1233.0176413 653.170798563 1174.28933237 655.042071667 1205.42777322 661.53447652 1172.15562462 559.481631158 1156.69480111 559.173555708 1227.97433208 599.154902997 1190.72002304 595.994277084 1258.96444031 554.963191225 1157.60761726 544.477215723 1271.72104598 598.92669896 1139.02039845 590.928147462
15.489812345525456 12.479684959641729 7.685609514614731 7.233377299508359 1268.21244199 569.024920228 1144.10938155 559.457465975 1166.51331289 555.161524978 1164.81889791 562.658027595 1251.25117694 561.973415484 1251.6448289 569.196073256 1233.60529977 653.026826261 1174.09539202 655.320276833 1205.57043382 661.635823558 1172.60636067 559.73131082 1157.11701166 559.6115037 1228.26532531 599.387467356 1190.86838874 596.015752708 1259.51786818 555.007487253 1157.80162377 544.584267862 1271.9778086 599.216314328 1140.18997721 591.326159747
15.518025526642168 12.63156242545439 7.537299871004222 6.903992473654893 1268.24100057 569.291715193 1144.41749008 559.501762004 1167.21507338 555.59947297 1165.64046552 562.970463367 1251.44518345 562.514055293 1251.85595071 569.405817211 1234.19295825 652.882853959 1173.90145166 655.598481999 1205.71309442 661.737170596 1173.05709672 559.980990482 1157.53922221 560.049451693 1228.55631853 599.620031715 1191.01675444 596.037228333 1260.07129605 555.051783282 1157.99563028 544.69132 1272.23457122 599.505929696 1141.35955598 591.724172033
15.548519660713378 12.78353232364698 7.390087901506759 6.57480395171272 1268.26955915 569.558510157 1144.7255986 559.546058032 1167.91683387 556.037420963 1166.46203313 563.282899139 1251.63918995 563.054695102 1252.06707252 569.615561166 1234.78061672 652.738881657 1173.70751131 655.876687166 1205.85575502 661.838517633 1173.50783277 560.230670143 1157.96143275 560.487399685 1228.84731176 599.852596074 1191.16512014 596.058703958 1260.62472391 555.09607931 1158.18963679 544.798372139 1272.49133384 599.795545064 1142.52913475 592.122184319
15.581281335616602 12.935591397650423 7.244040528602767 6.245842772849172 1268.29811774 569.825305122 1145.03370713 559.590354061 1168.61859436 556.475368955 1167.28360074 563.595334911 1251.83319646 563.595334911 1252.27819434 569.825305122 1235.36827519 652.594909354 1173.51357095 656.154892332 1205.99841562 661.939864671 1173.95856882 560.480349805 1158.3836433 560.925347677 1229.13830498 600.085160433 1191.31348584 596.080179583 1261.17815178 555.140375338 1158.3836433 544.905424277 1272.74809646 600.085160433 1143.69871351 592.520196605
15.077017787579889 13.02563375985035 6.922711549267103 6.5128168796886685 1268.07515164 568.81771644 1145.8718898 559.575452941 1167.09486525 556.494698441 1166.06794708 563.340819552 1252.67137914 563.340819552 1252.32907308 569.844634607 1233.84454608 654.051924273 1179.07557719 657.817290884 1206.80236769 662.609575662 1173.25637425 559.917758996 1158.1949078 559.233146885 1229.0522613 599.967567496 1191.74090125 594.832976663 1259.17519419 555.467780274 1159.22182597 545.198598607 1271.49821219 602.363709885 1142.7911353 592.436834274
15.149528618467357 12.992994098814757 6.92918798211373 6.512816880161681 1268.14372861 568.888876335 1145.68373724 559.561036321 1166.77834791 556.651434849 1165.70864149 563.49755596 1252.44043831 563.411979446 1252.09813226 569.915794502 1233.61360526 653.737989855 1177.94608297 656.775956098 1206.4430621 662.427297419 1173.10078127 560.158805994 1157.97247399 559.357222434 1228.81691506 599.585019956 1191.49568079 594.730198495 1258.99251042 555.381459128 1159.1905468 544.980621286 1271.29476725 602.466517898 1142.35070925 592.694338293
15.222886358434607 12.960440045253698 6.935922338053413 6.5128168796886685 1268.21230558 568.960036229 1145.49558467 559.546619702 1166.46183057 556.808171257 1165.34933589 563.654292368 1252.20949749 563.483139341 1251.86719143 569.986954396 1233.38266443 653.424055437 1176.81658875 655.734621312 1206.0837565 662.245019176 1172.94518828 560.399852991 1157.75004018 559.481297984 1228.58156882 599.202472416 1191.25046034 594.627420327 1258.80982665 555.295137982 1159.15926763 544.762643965 1271.09132231 602.569325912 1141.91028319 592.951842312
15.297078843310077 12.927972249856639 6.94291386508107 6.512816879163086 1268.28088256 569.031196124 1145.3074321 559.532203082 1166.14531323 556.964907666 1164.99003029 563.811028777 1251.97855666 563.554299235 1251.63625061 570.05811429 1233.15172361 653.110121019 1175.68709453 654.693286526 1205.72445091 662.062740934 1172.7895953 560.640899988 1157.52760637 559.605373533 1228.34622257 598.819924875 1191.00523988 594.524642159 1258.62714287 555.208816836 1159.12798846 544.544666644 1270.88787737 602.672133925 1141.46985714 593.209346332
15.372093976666939 12.895591359636676 6.950161785367882 6.512816880687276 1268.34945953 569.102356018 1145.11927953 559.517786463 1165.82879589 557.121644074 1164.6307247 563.967765185 1251.74761584 563.625459129 1251.40530978 570.129274185 1232.92078278 652.796186601 1174.55760031 653.65195174 1205.36514531 661.880462691 1172.63400232 560.881946986 1157.30517256 559.729449083 1228.11087633 598.437377335 1190.76001942 594.421863991 1258.4444591 555.12249569 1159.09670928 544.326689323 1270.68443244 602.774941939 1141.02943109 593.466850351
15.447919764194868 12.86329803351111 6.957665301028373 6.512816879163074 1268.4180365 569.173515913 1144.93112696 559.503369843 1165.51227855 557.278380482 1164.2714191 564.124501593 1251.51667501 563.696619024 1251.17436896 570.200434079 1232.68984196 652.482252183 1173.42810609 652.610616954 1205.00583971 661.698184448 1172.47840933 561.122993983 1157.08273875 559.853524632 1227.87553009 598.054829795 1190.51479897 594.319085824 1258.26177533 555.036174544 1159.06543011 544.108712002 1270.4809875 602.877749952 1140.58900503 593.724354371
15.524544347371682 12.831092932439827 6.965423582539355 6.512816880687276 1268.48661348 569.244675807 1144.7429744 559.488953224 1165.19576121 557.435116891 1163.91211351 564.281238002 1251.28573419 563.767778918 1250.94342813 570.271593974 1232.45890113 652.168317765 1172.29861187 651.569282168 1204.64653412 661.515906205 1172.32281635 561.364040981 1156.86030494 559.977600182 1227.64018384 597.672282255 1190.26957851 594.216307656 1258.07909155 554.949853398 1159.03415094 543.890734681 1270.27754256 602.980557966 1140.14857898 593.98185839
15.601955947201912 12.798976720980157 6.973435785105512 6.512816879163086 1268.55519045 569.315835702 1144.55482183 559.474536604 1164.87924388 557.591853299 1163.55280791 564.43797441 1251.05479336 563.838938813 1250.71248731 570.342753868 1232.22796031 651.854383347 1171.16911765 650.527947382 1204.28722852 661.333627962 1172.16722337 561.605087978 1156.63787113 560.101675731 1227.4048376 597.289734715 1190.02435805 594.113529488 1257.89640778 554.863532253 1159.00287177 543.67275736 1270.07409762 603.083365979 1139.70815292 594.239362409
15.680142897429796 12.766950072962855 6.981701029011431 6.512816880687276 1268.62376743 569.386995596 1144.36666926 559.460119985 1164.56272654 557.748589707 1163.19350231 564.594710818 1250.82385254 563.910098707 1250.48154648 570.413913763 1231.99701948 651.540448929 1170.03962343 649.486612596 1203.92792293 661.15134972 1172.01163038 561.846134976 1156.41543732 560.225751281 1227.16949136 596.907187175 1189.7791376 594.01075132 1257.71372401 554.777211107 1158.9715926 543.454780038 1269.87065268 603.186173993 1139.26772687 594.496866429
15.687136394256697 13.057069672937407 6.8392983320484815 6.596195279259476 1268.57757528 569.197773861 1144.2349006 559.442051278 1164.34538136 557.644944486 1163.06173366 564.362700827 1250.60650736 563.720876973 1250.30698956 570.310268542 1231.95082734 651.394015451 1170.76361991 649.896426458 1204.22403684 660.916048324 1171.76172562 561.615390909 1156.14679687 560.111978662 1227.08491637 597.043308104 1189.61886031 594.038255905 1257.79042784 554.574317385 1158.7257388 543.469119005 1269.8397529 603.008092396 1139.43101995 594.549183138
15.695020927404169 13.34753364116515 6.6974215804230415 6.679903365002982 1268.53138313 569.008552127 1144.10313194 559.423982571 1164.12803619 557.541299266 1162.929965 564.130690835 1250.38916219 563.531655238 1250.13243265 570.206623321 1231.90463519 651.247581973 1171.48761638 650.306240321 1204.52015075 660.680746928 1171.51182087 561.384646842 1155.87815643 559.998206043 1227.00034139 597.179429033 1189.45858303 594.065760489 1257.86713167 554.371423662 1158.479885 543.483457972 1269.80885313 602.830010799 1139.59431304 594.601499848
15.703795144795365 13.638319974804379 6.556104918127954 6.763928896994086 1268.48519099 568.819330392 1143.97136328 559.405913864 1163.91069102 557.437654045 1162.79819634 563.898680843 1250.17181702 563.342433503 1249.95787573 570.1029781 1231.85844304 651.101148496 1172.21161286 650.716054183 1204.81626466 660.445445532 1171.26191611 561.153902775 1155.60951599 559.884433424 1226.91576641 597.315549962 1189.29830574 594.093265074 1257.9438355 554.16852994 1158.2340312 543.497796939 1269.77795336 602.651929202 1139.75760612 594.653816558
15.713457575972269 13.92940848521392 6.415385356173986 6.848260189474041 1268.43899884 568.630108657 1143.83959462 559.387845157 1163.69334584 557.334008824 1162.66642768 563.666670852 1249.95447184 563.153211769 1249.78331882 569.99933288 1231.8122509 650.954715018 1172.93560934 651.125868046 1205.11237857 660.210144135 1171.01201135 560.923158708 1155.34087554 559.770660805 1226.83119142 597.451670891 1189.13802846 594.120769658 1258.02053933 553.965636218 1157.9881774 543.512135906 1269.74705358 602.473847606 1139.9208992 594.706133268
15.724006563652713 14.220780615470607 6.275303064812313 6.932886085794929 1268.3928067 568.440886923 1143.70782596 559.369776451 1163.47600067 557.230363603 1162.53465902 563.43466086 1249.73712667 562.963990034 1249.6087619 569.895687659 1231.76605875 650.80828154 1173.65960582 651.535681908 1205.40849248 659.974842739 1170.76210659 560.692414642 1155.0722351 559.656888186 1226.74661644 597.58779182 1188.97775117 594.148274243 1258.09724316 553.762742496 1157.7423236 543.526474873 1269.71615381 602.295766009 1140.08419229 594.758449978
15.735440344535572 14.512419282949057 6.135901689993808 7.017795927686456 1268.34661455 568.251665188 1143.5760573 559.351707744 1163.2586555 557.126718383 1162.40289036 563.202650869 1249.5197815 562.774768299 1249.43420498 569.792042438 1231.71986661 650.661848063 1174.3836023 651.945495771 1205.70460639 659.739541343 1170.51220183 560.461670575 1154.80359465 559.543115568 1226.66204145 597.723912749 1188.81747389 594.175778827 1258.17394699 553.559848774 1157.4964698 543.54081384 1269.68525403 602.117684412 1140.24748537 594.810766688
15.747756981633923 14.804308735002026 5.997228712904742 7.102979532080947 1268.30042241 568.062443453 1143.44428864 559.333639037 1163.04131032 557.023073162 1162.2711217 562.970640877 1249.30243632 562.585546564 1249.25964807 569.688397217 1231.67367446 650.515414585 1175.10759878 652.355309633 1206.0007203 659.504239947 1170.26229708 560.230926508 1154.53495421 559.429342949 1226.57746647 597.860033678 1188.6571966 594.203283412 1258.25065082 553.356955052 1157.25061601 543.555152807 1269.65435426 601.939602815 1140.41077846 594.863083398
15.760954405118238 15.09643442509106 5.8593358535432465 7.188427165999997 1268.25423026 567.873221719 1143.31251998 559.31557033 1162.82396515 556.919427941 1162.13935304 562.738630885 1249.08509115 562.39632483 1249.08509115 569.584751996 1231.62748232 650.368981107 1175.83159526 652.765123496 1206.29683421 659.268938551 1170.01239232 560.000182441 1154.26631376 559.31557033 1226.49289148 597.996154607 1188.49691932 594.230787996 1258.32735465 553.15406133 1157.00476221 543.569491774 1269.62345448 601.761521218 1140.57407154 594.915400107
15.80776720420738 14.797259562533027 5.8593358545362735 7.090794057701627 1268.07233476 567.749260171 1143.22842621 558.849302727 1163.03327657 556.502061203 1162.34866446 562.321264148 1249.29440257 562.370165013 1249.2455017 569.460790449 1231.00547903 650.880730806 1175.50299716 652.592261084 1205.87043438 659.096076139 1170.12390201 559.582815703 1154.32892258 558.947104457 1226.26209512 597.480986139 1188.31502381 593.764520393 1258.53666607 552.883397187 1156.77396584 542.858719846 1269.14815379 601.393055346 1140.53887863 593.617817798
15.854743414834125 14.498508623929359 5.859335854536386 6.993507601738318 1267.89043926 567.625298624 1143.14433244 558.383035124 1163.24258799 556.084694465 1162.55797588 561.90389741 1249.50371399 562.344005195 1249.40591226 569.336828902 1230.38347574 651.392480504 1175.17439907 652.419398671 1205.44403455 658.923213727 1170.23541169 559.165448965 1154.39153141 558.578638584 1226.03129875 596.965817671 1188.13312831 593.29825279 1258.74597749 552.612733045 1156.54316947 542.147947918 1268.6728531 601.024589473 1140.50368572 592.320235489
15.901881628540803 14.200208364672802 5.8593358545362735 6.896582465209493 1267.70854375 567.501337077 1143.06023867 557.916767521 1163.4518994 555.667327727 1162.76728729 561.486530672 1249.7130254 562.317845378 1249.56632281 569.212867354 1229.76147245 651.904230203 1174.84580097 652.246536259 1205.01763472 658.750351314 1170.34692138 558.748082227 1154.45414023 558.210172712 1225.80050238 596.450649203 1187.95123281 592.831985188 1258.9552889 552.342068902 1156.3123731 541.437175989 1268.1975524 600.6561236 1140.46849282 591.02265318
15.94918038920939 13.902387798799131 5.8593358535432465 6.800034101840626 1267.52664825 567.377375529 1142.97614489 557.450499918 1163.66121082 555.24996099 1162.97659871 561.069163934 1249.92233682 562.291685561 1249.72673336 569.088905807 1229.13946916 652.415979902 1174.51720287 652.073673846 1204.59123489 658.577488902 1170.45843107 558.33071549 1154.51674905 557.841706839 1225.56970601 595.935480735 1187.76933731 592.365717585 1259.16460032 552.07140476 1156.08157673 540.726404061 1267.72225171 600.287657727 1140.43329991 589.72507087
15.99663827262653 13.605078424699935 5.859335853543134 6.703878789172195 1267.34475275 567.253413982 1142.89205112 556.984232315 1163.87052224 554.832594252 1163.18591013 560.651797196 1250.13164824 562.265525744 1249.88714391 568.96494426 1228.51746587 652.9277296 1174.18860477 651.900811434 1204.16483507 658.404626489 1170.56994076 557.913348752 1154.57935787 557.473240966 1225.33890964 595.420312267 1187.5874418 591.899449982 1259.37391174 551.800740617 1155.85078037 540.015632133 1267.24695102 599.919191855 1140.398107 588.427488561
16.044253846806345 13.308314504965125 5.8593358535432465 6.608133683689599 1267.16285724 567.129452435 1142.80795735 556.517964712 1164.07983366 554.415227514 1163.39522155 560.234430458 1250.34095966 562.239365927 1250.04755447 568.840982712 1227.89546259 653.439479299 1173.86000667 651.727949021 1203.73843524 658.231764077 1170.68145044 557.495982014 1154.6419667 557.104775093 1225.10811328 594.905143799 1187.4055463 591.433182379 1259.58322316 551.530076474 1155.619984 539.304860205 1266.77165032 599.550725982 1140.36291409 587.129906252
16.09202575173729 13.012133358650583 5.859335855704701 6.512816880687264 1266.98096174 567.005490887 1142.72386358 556.051697109 1164.28914508 553.997860776 1163.60453296 559.817063721 1250.55027108 562.213206109 1250.20796502 568.717021165 1227.2734593 653.951228998 1173.53140858 651.555086609 1203.31203541 658.058901664 1170.79296013 557.078615276 1154.70457552 556.736309221 1224.87731691 594.389975331 1187.2236508 590.966914776 1259.79253458 551.259412332 1155.38918763 538.594088276 1266.29634963 599.182260109 1140.32772119 585.832323943
16.156496985629712 12.98281568085055 5.863053261776149 6.5438928051590155 1266.99373118 567.004609253 1142.76775175 556.11305294 1164.23967705 554.152572803 1163.52394621 559.971775748 1250.46968432 562.212324475 1250.12737827 568.747258263 1227.84636592 653.576922575 1174.010959 651.585323707 1203.26256739 657.902426368 1170.80572957 557.202208571 1154.6551075 556.766546318 1225.01456128 594.482449894 1187.36089517 591.059389338 1259.64971036 551.28964943 1155.55755074 538.904393965 1266.6203064 599.430328333 1140.37160936 586.173748364
16.22148806318976 12.953805434790182 5.866933372325459 6.574969135601378 1267.00650063 567.003727618 1142.81163993 556.17440877 1164.19020903 554.30728483 1163.44335946 560.126487775 1250.38909757 562.211442841 1250.04679151 568.777495361 1228.41927255 653.202616153 1174.49050943 651.615560805 1203.21309937 657.745951072 1170.81849902 557.325801866 1154.60563948 556.796783416 1225.15180565 594.574924457 1187.49813954 591.151863901 1259.50688614 551.319886527 1155.72591384 539.214699654 1266.94426316 599.678396557 1140.41549754 586.515172785
16.286992741468147 12.925104689953605 5.870975863927706 6.606045865211419 1267.01927007 567.002845984 1142.8555281 556.2357646 1164.14074101 554.461996858 1163.3627727 560.281199802 1250.30851081 562.210561206 1249.96620476 568.807732459 1228.99217917 652.828309731 1174.97005986 651.645797903 1203.16363134 657.589475776 1170.83126846 557.449395161 1154.55617146 556.827020514 1225.28905003 594.667399019 1187.63538392 591.244338463 1259.36406192 551.350123625 1155.89427695 539.525005343 1267.26821993 599.926464782 1140.45938571 586.856597206
16.353004868349867 12.89671551234764 5.875180400783868 6.637122987462762 1267.03203951 567.001964349 1142.89941628 556.29712043 1164.09127299 554.616708885 1163.28218595 560.435911829 1250.22792406 562.209679572 1249.885618 568.837969556 1229.5650858 652.454003308 1175.44961029 651.676035 1203.11416332 657.43300048 1170.8440379 557.572988455 1154.50670343 556.857257612 1225.4262944 594.759873582 1187.77262829 591.336813026 1259.2212377 551.380360723 1156.06264005 539.835311031 1267.5921767 600.174533006 1140.50327389 587.198021627
16.41951831368785 12.868639963486153 5.87954663553226 6.668200499292789 1267.04480896 567.001082715 1142.94330445 556.35847626 1164.04180497 554.771420912 1163.2015992 560.590623856 1250.14733731 562.208797937 1249.80503125 568.868206654 1230.13799242 652.079696886 1175.92916072 651.706272098 1203.0646953 657.276525184 1170.85680735 557.69658175 1154.45723541 556.88749471 1225.56353877 594.852348144 1187.90987266 591.429287589 1259.07841348 551.410597821 1156.23100316 540.14561672 1267.91613346 600.42260123 1140.54716206 587.539446048
16.48652699988517 12.840880099954695 5.8840742106829165 6.699278392311307 1267.0575784 567.00020108 1142.98719263 556.419832091 1163.99233695 554.926132939 1163.12101244 560.745335884 1250.06675055 562.207916303 1249.7244445 568.898443752 1230.71089905 651.705390464 1176.40871114 651.736509196 1203.01522728 657.120049888 1170.86957679 557.820175045 1154.40776739 556.917731808 1225.70078314 594.944822707 1188.04711703 591.521762151 1258.93558927 551.440834919 1156.39936626 540.455922409 1268.24009023 600.670669454 1140.59105024 587.880870469
16.55402492278632 12.81343797612764 5.888762749213026 6.730356664747238 1267.07034784 566.999319446 1143.0310808 556.481187921 1163.94286893 555.080844966 1163.04042569 560.900047911 1249.9861638 562.207034668 1249.64385774 568.92868085 1231.28380567 651.331084041 1176.88826157 651.766746294 1202.96575926 656.963574592 1170.88234623 557.94376834 1154.35829937 556.947968906 1225.83802752 595.037297269 1188.18436141 591.614236714 1258.79276505 551.471072017 1156.56772937 540.766228098 1268.564047 600.918737678 1140.63493842 588.22229489
16.622006132357768 12.78631563464298 5.893611867798435 6.76143530786644 1267.08311729 566.998437812 1143.07496898 556.542543751 1163.8934009 555.235556993 1162.95983894 561.054759938 1249.90557705 562.206153034 1249.56327099 568.958917948 1231.8567123 650.956777619 1177.367812 651.796983392 1202.91629124 656.807099296 1170.89511568 558.067361635 1154.30883135 556.978206004 1225.97527189 595.129771832 1188.32160578 591.706711276 1258.64994083 551.501309115 1156.73609247 541.076533786 1268.88800376 601.166805902 1140.67882659 588.563719311
16.690464703471456 12.759515118013166 5.898621174173763 6.792514318564191 1267.09588673 566.997556177 1143.11885716 556.603899581 1163.84393288 555.390269021 1162.87925218 561.209471965 1249.82499029 562.205271399 1249.48268424 568.989155046 1232.42961892 650.582471197 1177.84736243 651.82722049 1202.86682322 656.650624 1170.90788512 558.19095493 1154.25936333 557.008443101 1226.11251626 595.222246394 1188.45885015 591.799185839 1258.50711661 551.531546213 1156.90445558 541.386839475 1269.21196053 601.414874126 1140.72271477 588.905143733
16.759394796090533 12.733038455997448 5.903790257812952 6.823593691339523 1267.10865617 566.996674543 1143.16274533 556.665255411 1163.79446486 555.544981048 1162.79866543 561.364183992 1249.74440354 562.204389765 1249.40209748 569.019392144 1233.00252555 650.208164775 1178.32691286 651.857457588 1202.8173552 656.494148704 1170.92065456 558.314548225 1154.20989531 557.038680199 1226.24976063 595.314720957 1188.59609452 591.891660401 1258.36429239 551.56178331 1157.07281868 541.697145164 1269.5359173 601.662942351 1140.76660294 589.246568154
16.828790626163357 12.7068876734643 5.909118701746788 6.854673421253456 1267.12142562 566.995792908 1143.20663351 556.726611242 1163.74499684 555.699693075 1162.71807867 561.518896019 1249.66381678 562.20350813 1249.32151073 569.049629242 1233.57543217 649.833858352 1178.80646329 651.887694686 1202.76788717 656.337673408 1170.93342401 558.438141519 1154.16042729 557.068917297 1226.38700501 595.407195519 1188.7333389 591.984134964 1258.22146817 551.592020408 1157.24118179 542.007450853 1269.85987406 601.911010575 1140.81049112 589.587992575
16.668722171902836 12.61134379724987 5.9091187017469 6.819547892534363 1267.0177792 567.077225522 1142.88515597 556.932518785 1163.5168755 555.812244421 1162.48995733 561.631447365 1249.40457671 562.253822012 1249.15562685 569.068824391 1233.16059844 650.070884628 1178.26715462 652.093602229 1202.75759696 656.574699683 1170.6430652 558.581811598 1154.02566214 557.27482484 1226.31447733 595.799815456 1188.66081121 591.97221138 1257.99334683 551.704571754 1156.95082298 542.182239663 1269.75622765 601.74349333 1140.30230118 589.918375047
16.508802788947232 12.515844272918866 5.909118700009025 6.785667743344552 1266.91413279 567.158658136 1142.56367843 557.138426328 1163.28875415 555.924795767 1162.26183599 561.743998711 1249.14533663 562.304135893 1248.98974297 569.08801954 1232.7457647 650.307910903 1177.72784595 652.299509772 1202.74730674 656.811725958 1170.35270639 558.725481676 1153.89089699 557.480732383 1226.24194964 596.192435393 1188.58828353 591.960287797 1257.76522549 551.8171231 1156.66046417 542.357028474 1269.65258123 601.575976085 1139.79411125 590.248757519
16.349036841865082 12.420390125127682 5.909118700993798 6.753051716551621 1266.81048638 567.240090749 1142.24220089 557.344333871 1163.06063281 556.037347113 1162.03371465 561.856550058 1248.88609656 562.354449775 1248.82385909 569.107214689 1232.33093096 650.544937178 1177.18853729 652.505417315 1202.73701652 657.048752234 1170.06234758 558.869151754 1153.75613185 557.686639926 1226.16942196 596.58505533 1188.51575585 591.948364214 1257.53710414 551.929674446 1156.37010536 542.531817285 1269.54893482 601.40845884 1139.28592132 590.579139992
16.18942890350421 12.324982410376077 5.909118702731561 6.721718215752129 1266.70683996 567.321523363 1141.92072335 557.550241414 1162.83251147 556.149898459 1161.8055933 561.969101404 1248.62685648 562.404763656 1248.65797522 569.126409838 1231.91609723 650.781963454 1176.64922862 652.711324858 1202.72672631 657.285778509 1169.77198878 559.012821833 1153.6213667 557.892547469 1226.09689428 596.977675267 1188.44322817 591.936440631 1257.3089828 552.042225793 1156.07974655 542.706606096 1269.44528841 601.240941595 1138.77773138 590.909522464
16.02998365302827 12.229622211636082 5.909118702731673 6.6916852561519855 1266.60319355 567.402955977 1141.59924581 557.756148957 1162.60439013 556.262449805 1161.57747196 562.08165275 1248.36761641 562.455077537 1248.49209134 569.145604987 1231.50126349 651.018989729 1176.10991995 652.917232401 1202.71643609 657.522804784 1169.48162997 559.156491911 1153.48660156 558.098455012 1226.0243666 597.370295204 1188.37070049 591.924517047 1257.08086146 552.154777139 1155.78938775 542.881394906 1269.34164199 601.07342435 1138.26954145 591.239904936
15.870706024441828 12.134310650638229 5.909118700993798 6.662970423261151 1266.49954714 567.484388591 1141.27776827 557.9620565 1162.37626878 556.375001151 1161.34935062 562.194204096 1248.10837633 562.505391419 1248.32620746 569.164800136 1231.08642975 651.256016004 1175.57061129 653.123139944 1202.70614587 657.75983106 1169.19127116 559.30016199 1153.35183641 558.304362555 1225.95183892 597.762915141 1188.29817281 591.912593464 1256.85274012 552.267328485 1155.49902894 543.056183717 1269.23799558 600.905907106 1137.76135152 591.570287409
15.7116011051771 12.039048884825382 5.909118702731673 6.6355908307686216 1266.39590072 567.565821204 1140.95629073 558.167964043 1162.14814744 556.487552497 1161.12122927 562.306755442 1247.84913626 562.5557053 1248.16032358 569.183995285 1230.67159602 651.49304228 1175.03130262 653.329047487 1202.69585566 657.996857335 1168.90091235 559.443832068 1153.21707126 558.510270098 1225.87931124 598.155535078 1188.22564513 591.900669881 1256.62461877 552.379879831 1155.20867013 543.230972528 1269.13434917 600.738389861 1137.25316158 591.900669881
15.552674195787493 11.943838102627447 5.909118702731561 6.609563070868601 1266.29225431 567.647253818 1140.63481319 558.373871586 1161.9200261 556.600103843 1160.89310793 562.419306788 1247.58989618 562.606019182 1247.9944397 569.203190434 1230.25676228 651.730068555 1174.49199396 653.53495503 1202.68556544 658.23388361 1168.61055355 559.587502146 1153.08230612 558.716177641 1225.80678356 598.548155015 1188.15311745 591.888746298 1256.39649743 552.492431177 1154.91831132 543.405761338 1269.03070275 600.570872616 1136.74497165 592.231052353
15.393930809647275 11.848679534112163 5.9091187009938375 6.584903174429827 1266.18860789 567.728686432 1140.31333565 558.579779129 1161.69190475 556.712655189 1160.66498659 562.531858134 1247.33065611 562.656333063 1247.82855582 569.222385583 1229.84192854 651.96709483 1173.95268529 653.740862573 1202.67527522 658.470909886 1168.32019474 559.731172225 1152.94754097 558.922085184 1225.73425587 598.940774952 1188.08058976 591.876822714 1256.16837609 552.604982523 1154.62795252 543.580550149 1268.92705634 600.403355371 1136.23678171 592.561434826
15.235376673262275 11.753574445859897 5.909118702731634 6.561626563849037 1266.08496148 567.810119045 1139.99185811 558.785686672 1161.46378341 556.825206535 1160.43686524 562.64440948 1247.07141603 562.706646945 1247.66267195 569.241580732 1229.4270948 652.204121106 1173.41337662 653.946770116 1202.66498501 658.707936161 1168.02983593 559.874842303 1152.81277583 559.127992727 1225.66172819 599.333394889 1188.00806208 591.864899131 1255.94025474 552.717533869 1154.33759371 543.75533896 1268.82340993 600.235838126 1135.72859178 592.891817298
15.077017777590314 11.658524150949386 5.909118702731561 6.539748008203643 1265.98131507 567.891551659 1139.67038057 558.991594215 1161.23566207 556.937757881 1160.2087439 562.756960826 1246.81217596 562.756960826 1247.49678807 569.260775881 1229.01226107 652.441147381 1172.87406796 654.152677659 1202.65469479 658.944962436 1167.73947712 560.018512381 1152.67801068 559.33390027 1225.58920051 599.726014826 1187.9355344 591.852975548 1255.7121334 552.830085215 1154.0472349 543.93012777 1268.71976351 600.068320881 1135.22040185 593.22219977
15.14524489886361 11.67745153237045 5.926521135046622 6.492827206918569 1266.12014256 568.097903269 1139.72363155 559.133763439 1161.26751892 557.122715363 1160.26199488 562.963312436 1246.84403281 562.920524179 1247.48585666 569.381550977 1229.15108856 652.561922477 1173.09847196 654.273452755 1202.70794577 659.087131661 1167.83551636 560.24625812 1152.70986753 559.476069495 1225.66384562 599.932366436 1187.73205584 592.230480186 1255.76538438 552.993648568 1154.0363035 544.157873509 1268.75162036 600.317460748 1135.27365283 593.449945508
15.213918182546204 11.696543947962175 5.944026626124949 6.446132919762386 1266.25897005 568.304254879 1139.77688253 559.275932664 1161.29937577 557.307672844 1160.31524586 563.169664046 1246.87588966 563.084087532 1247.47492526 569.502326073 1229.28991605 652.682697573 1173.32287597 654.394227851 1202.76119675 659.229300885 1167.9315556 560.474003858 1152.74172438 559.618238719 1225.73849073 600.138718045 1187.52857728 592.607984823 1255.81863536 553.157211921 1154.02537209 544.385619247 1268.78347721 600.566600615 1135.3269038 593.677691247
15.283031604193432 11.715800588838256 5.961634265164507 6.399670102982937 1266.39779755 568.510606489 1139.83013351 559.418101888 1161.33123262 557.492630326 1160.36849684 563.376015655 1246.90774651 563.247650885 1247.46399385 569.623101169 1229.42874355 652.803472669 1173.54727998 654.515002947 1202.81444773 659.37147011 1168.02759483 560.701749596 1152.77358123 559.760407944 1225.81313584 600.345069655 1187.32509871 592.985489461 1255.87188634 553.320775273 1154.01444068 544.613364985 1268.81533406 600.815740482 1135.38015478 593.905436985
15.352579239651172 11.735220646539133 5.979343153695347 6.3534438368264725 1266.53662504 568.716958098 1139.88338449 559.560271112 1161.36308947 557.677587807 1160.42174782 563.582367265 1246.93960336 563.411214237 1247.45306244 569.743876265 1229.56757104 652.924247765 1173.77168399 654.635778042 1202.86769871 659.513639334 1168.12363407 560.929495335 1152.80543808 559.902577168 1225.88778094 600.551421265 1187.12162015 593.362994098 1255.92513732 553.484338626 1154.00350928 544.841110724 1268.84719092 601.064880348 1135.43340576 594.133182723
15.422555204658552 11.75480331120769 5.997152392828633 6.307459320941067 1266.67545253 568.923309708 1139.93663546 559.702440337 1161.39494632 557.862545288 1160.4749988 563.788718875 1246.97146021 563.57477759 1247.44213104 569.864651361 1229.70639853 653.045022861 1173.99608799 654.756553138 1202.92094969 659.655808558 1168.21967331 561.157241073 1152.83729493 560.044746392 1225.96242605 600.757772875 1186.91814159 593.740498736 1255.9783883 553.647901979 1153.99257787 545.068856462 1268.87904777 601.314020215 1135.48665674 594.360928462
15.492953685410177 11.774547772004404 6.015061090229346 6.261721880835845 1266.81428003 569.129661318 1139.98988644 559.844609561 1161.42680317 558.04750277 1160.52824978 563.995070485 1247.00331706 563.738340943 1247.43119963 569.985426457 1229.84522603 653.165797957 1174.220492 654.877328234 1202.97420067 659.797977783 1168.31571254 561.384986811 1152.86915178 560.186915617 1226.03707116 600.964124485 1186.71466303 594.118003374 1256.03163928 553.811465332 1153.98164646 545.2966022 1268.91090462 601.563160082 1135.53990772 594.5886742
15.563768958574135 11.794453217692618 6.0330683621629495 6.216236971714808 1266.95310752 569.336012928 1140.04313742 559.986778786 1161.45866002 558.232460251 1160.58150076 564.201422095 1247.03517391 563.901904296 1247.42026823 570.106201553 1229.98405352 653.286573052 1174.44489601 654.99810333 1203.02745165 659.940147007 1168.41175178 561.61273255 1152.90100864 560.329084841 1226.11171627 601.170476094 1186.51118446 594.495508011 1256.08489026 553.975028685 1153.97071506 545.524347938 1268.94276147 601.812299949 1135.5931587 594.816419938
15.634995360525505 11.814518832604264 6.051173326636719 6.17101017628345 1267.09193501 569.542364538 1140.0963884 560.12894801 1161.49051687 558.417417732 1160.63475174 564.407773704 1247.06703076 564.065467649 1247.40933682 570.226976649 1230.12288101 653.407348148 1174.66930001 655.118878426 1203.08070262 660.082316232 1168.50779101 561.840478288 1152.93286549 560.471254066 1226.18636137 601.376827704 1186.3077059 594.873012649 1256.13814124 554.138592038 1153.95978365 545.752093677 1268.97461832 602.061439815 1135.64640968 595.044165677
15.706627308308255 11.834743802276062 6.069375111754053 6.126047211973993 1267.23076251 569.748716148 1140.14963938 560.271117234 1161.52237373 558.602375214 1160.68800272 564.614125314 1247.09888761 564.229031002 1247.39840541 570.347751745 1230.26170851 653.528123244 1174.89370402 655.239653522 1203.1339536 660.224485456 1168.60383025 562.068224026 1152.96472234 560.61342329 1226.26100648 601.583179314 1186.10422734 595.250517286 1256.19139221 554.302155391 1153.94885225 545.979839415 1269.00647517 602.310579682 1135.69966066 595.271911415
15.778659268721052 11.855127312253297 6.087672848600662 6.081353930757362 1267.36959 569.955067757 1140.20289036 560.413286459 1161.55423058 558.787332695 1160.74125369 564.820476924 1247.13074447 564.392594355 1247.38747401 570.468526841 1230.400536 653.64889834 1175.11810803 655.360428618 1203.18720458 660.36665468 1168.69986949 562.295969764 1152.99657919 560.755592514 1226.33565159 601.789530924 1185.90074878 595.628021924 1256.24464319 554.465718744 1153.93792084 546.207585153 1269.03833202 602.559719549 1135.75291164 595.499657153
15.851085778495033 11.875668544469752 6.106065672298478 6.036936322275027 1267.50841749 570.161419367 1140.25614134 560.555455683 1161.58608743 558.972290176 1160.79450467 565.026828534 1247.16260132 564.556157708 1247.3765426 570.589301937 1230.53936349 653.769673436 1175.34251204 655.481203714 1203.24045556 660.508823905 1168.79590872 562.523715503 1153.02843604 560.897761739 1226.4102967 601.995882534 1185.69727022 596.005526562 1256.29789417 554.629282096 1153.92698943 546.435330892 1269.07018887 602.808859416 1135.80616262 595.727402891
15.92390147382118 11.896366684055756 6.124552726543571 5.99280051724663 1267.64724499 570.367770977 1140.30939232 560.697624908 1161.61794428 559.157247658 1160.84775565 565.233180144 1247.19445817 564.71972106 1247.36561119 570.710077033 1230.67819099 653.890448532 1175.56691604 655.60197881 1203.29370654 660.650993129 1168.89194796 562.751461241 1153.06029289 561.039930963 1226.48494181 602.202234144 1185.49379165 596.383031199 1256.35114515 554.792845449 1153.91605803 546.66307663 1269.10204572 603.057999282 1135.8594136 595.95514863
15.99710103028031 11.917220911131079 6.143133162582168 5.948952786044262 1267.78607248 570.574122587 1140.3626433 560.839794132 1161.64980113 559.342205139 1160.90100663 565.439531754 1247.22631502 564.883284413 1247.35467979 570.830852129 1230.81701848 654.011223628 1175.79132005 655.722753906 1203.34695752 660.793162354 1168.9879872 562.979206979 1153.09214974 561.182100188 1226.55958691 602.408585753 1185.29031309 596.760535837 1256.40439613 554.956408802 1153.90512662 546.890822368 1269.13390257 603.307139149 1135.91266458 596.182894368
16.070679192986443 11.938230408888021 6.161806133683127 5.905399545050499 1267.92489997 570.780474197 1140.41589428 560.981963356 1161.68165798 559.52716262 1160.95425761 565.645883363 1247.25817187 565.046847766 1247.34374838 570.951627224 1230.95584597 654.131998724 1176.01572406 655.843529002 1203.4002085 660.935331578 1169.08402643 563.206952718 1153.12400659 561.324269412 1226.63423202 602.614937363 1185.08683453 597.138040474 1256.45764711 555.119972155 1153.89419522 547.118568107 1269.16575942 603.556279016 1135.96591556 596.410640106
16.14463080491344 11.959394360053844 6.18057080211808 5.86214736046404 1268.06372747 570.986825806 1140.46914526 561.124132581 1161.71351483 559.712120102 1161.00750859 565.852234973 1247.29002872 565.210411119 1247.33281698 571.07240232 1231.09467347 654.25277382 1176.24012806 655.964304098 1203.45345948 661.077500803 1169.18006567 563.434698456 1153.15586344 561.466438636 1226.70887713 602.821288973 1184.88335597 597.515545112 1256.51089809 555.283535508 1153.88326381 547.346313845 1269.19761627 603.805418883 1136.01916654 596.638385845
16.218950738011305 11.98071194399995 6.199426336221645 5.81920294400004 1268.20255496 571.193177416 1140.52239624 561.266301805 1161.74537168 559.897077583 1161.06075957 566.058586583 1247.32188557 565.373974472 1247.32188557 571.193177416 1231.23350096 654.373548916 1176.46453207 656.085079194 1203.50671046 661.219670027 1169.2761049 563.662444194 1153.18772029 561.608607861 1226.78352224 603.027640583 1184.6798774 597.893049749 1256.56414907 555.447098861 1153.8723324 547.574059583 1269.22947313 604.054558749 1136.07241752 596.866131583
16.202973533256486 12.023504959475869 6.264398460910327 5.9155635679796585 1267.97817296 571.062574721 1140.40498488 561.253366817 1161.57447501 559.787869017 1160.87916583 566.013560402 1247.18308009 565.232674713 1247.1509889 571.148151235 1231.06260429 654.360613928 1176.32572659 656.093538334 1203.37860204 661.206735039 1169.12660236 563.58532682 1153.04891481 561.574278744 1226.63401969 602.961220273 1184.65873963 597.848023569 1256.41464652 555.434163873 1153.75492105 547.561124595 1269.05857645 603.91325899 1135.91221791 596.756923016
16.187100722594998 12.066307424413784 6.3293725491578146 6.01209270088509 1267.75379097 570.931972027 1140.28757353 561.240431829 1161.40357833 559.67866045 1160.69757209 565.968534221 1247.04427461 565.091374954 1246.98009222 571.103125054 1230.89170761 654.347678939 1176.18692111 656.101997474 1203.25049363 661.19380005 1168.97709981 563.508209447 1152.91010933 561.539949627 1226.48451715 602.894799964 1184.63760185 597.802997388 1256.26514398 555.421228884 1153.6375097 547.548189607 1268.88767978 603.771959231 1135.7520183 596.64771445
16.171332632940462 12.109119238609924 6.394348540221428 6.10878235438247 1267.52940897 570.801369332 1140.17016218 561.22749684 1161.23268166 559.569451884 1160.51597836 565.92350804 1246.90546913 564.950075195 1246.80919555 571.058098873 1230.72081094 654.334743951 1176.04811563 656.110456614 1203.12238521 661.180865062 1168.82759727 563.431092073 1152.77130385 561.505620511 1226.3350146 602.828379654 1184.61646408 597.757971207 1256.11564143 555.408293896 1153.52009835 547.535254618 1268.7167831 603.630659472 1135.59181869 596.538505884
16.155669551400898 12.151940303215547 6.459326379762009 6.205625026535384 1267.30502698 570.670766637 1140.05275083 561.214561852 1161.06178499 559.460243317 1160.33438462 565.878481859 1246.76666365 564.808775435 1246.63829887 571.013072692 1230.54991426 654.321808963 1175.90931015 656.118915754 1202.99427679 661.167930074 1168.67809472 563.353974699 1152.63249837 561.471291394 1226.18551206 602.761959345 1184.59532631 597.712945026 1255.96613889 555.395358908 1153.40268699 547.52231963 1268.54588643 603.489359713 1135.43161908 596.429297317
16.140111803571276 12.194770520801741 6.524306008379653 6.3026136611688734 1267.08064498 570.540163942 1139.93533947 561.201626864 1160.89088831 559.351034751 1160.15279088 565.833455678 1246.62785816 564.667475676 1246.4674022 570.968046511 1230.37901759 654.308873974 1175.77050466 656.127374895 1202.86616837 661.154995086 1168.52859218 563.276857326 1152.49369289 561.436962277 1226.03600951 602.695539036 1184.57418853 597.667918845 1255.81663634 555.382423919 1153.28527564 547.509384642 1268.37498976 603.348059954 1135.27141947 596.320088751
16.12465967421655 12.237609795265508 6.5892873763343855 6.399741623620568 1266.85626299 570.409561247 1139.81792812 561.188691876 1160.71999164 559.241826185 1159.97119714 565.788429497 1246.48905268 564.526175917 1246.29650553 570.92302033 1230.20812092 654.295938986 1175.63169918 656.135834035 1202.73805996 661.142060097 1168.37908963 563.199739952 1152.35488741 561.40263316 1225.88650696 602.629118726 1184.55305076 597.622892664 1255.6671338 555.369488931 1153.16786429 547.496449653 1268.20409308 603.206760195 1135.11121986 596.210880184
16.10931349711558 12.280458031885166 6.654270431429146 6.497002665332541 1266.63188099 570.278958552 1139.70051677 561.175756887 1160.54909496 559.132617618 1159.7896034 565.743403316 1246.3502472 564.384876158 1246.12560885 570.877994149 1230.03722424 654.283003998 1175.4928937 656.144293175 1202.60995154 661.129125109 1168.22958709 563.122622578 1152.21608192 561.368304044 1225.73700442 602.562698417 1184.53191298 597.577866483 1255.51763125 555.356553943 1153.05045293 547.483514665 1268.03319641 603.065460436 1134.95102025 596.101671618
16.094073535868116 12.323315137063815 6.719255123854547 6.5943908972943275 1266.407499 570.148355857 1139.58310542 561.162821899 1160.37819829 559.023409052 1159.60800967 565.698377135 1246.21144172 564.243576399 1245.95471218 570.832967968 1229.86632757 654.27006901 1175.35408822 656.152752315 1202.48184312 661.116190121 1168.08008454 563.045505205 1152.07727644 561.333974927 1225.58750187 602.496278107 1184.51077521 597.532840302 1255.36812871 555.343618955 1152.93304158 547.470579677 1267.86229973 602.924160677 1134.79082064 595.992463052
16.07894011210017 12.366181018724703 6.784241409669063 6.691900767171078 1266.183117 570.017753162 1139.46569406 561.149886911 1160.20730162 558.914200485 1159.42641593 565.653350954 1246.07263624 564.10227664 1245.7838155 570.787941787 1229.69543089 654.257134021 1175.21528274 656.161211455 1202.35373471 661.103255132 1167.93058199 562.968387831 1151.93847096 561.29964581 1225.43799933 602.429857798 1184.48963743 597.487814121 1255.21862616 555.330683966 1152.81563023 547.457644689 1267.69140306 602.782860918 1134.63062103 595.883254485
16.06391353696796 12.409055585768536 6.8492292392950125 6.789527034340113 1265.95873501 569.887150468 1139.34828271 561.136951923 1160.03640494 558.804991919 1159.24482219 565.608324773 1245.93383076 563.960976881 1245.61291883 570.742915607 1229.52453422 654.244199033 1175.07647726 656.169670596 1202.22562629 661.090320144 1167.78107945 562.891270457 1151.79966548 561.265316693 1225.28849678 602.363437488 1184.46849966 597.44278794 1255.06912362 555.317748978 1152.69821888 547.4447097 1267.52050639 602.641561158 1134.47042142 595.774045919
16.04899409067443 12.451938748642005 6.914218572440157 6.887264747461479 1265.73435301 569.756547773 1139.23087136 561.124016934 1159.86550827 558.695783353 1159.06322845 565.563298592 1245.79502528 563.819677122 1245.44202216 570.697889426 1229.35363755 654.231264045 1174.93767178 656.178129736 1202.09751787 661.077385156 1167.6315769 562.814153084 1151.66086 561.230987577 1225.13899424 602.297017179 1184.44736188 597.397761759 1254.91962107 555.30481399 1152.58080752 547.431774712 1267.34960971 602.500261399 1134.31022181 595.664837352
16.034182092190232 12.494830418660802 6.9792093658124825 6.985109229891435 1265.50997102 569.625945078 1139.11346 561.111081946 1159.69461159 558.586574786 1158.88163471 565.518272411 1245.6562198 563.678377363 1245.27112548 570.652863245 1229.18274087 654.218329057 1174.7988663 656.186588876 1201.96940946 661.064450168 1167.48207436 562.73703571 1151.52205452 561.19665846 1224.98949169 602.230596869 1184.42622411 597.352735578 1254.77011852 555.291879002 1152.46339617 547.418839724 1267.17871304 602.35896164 1134.1500222 595.555628786
16.019477819629284 12.53773050860122 7.0442015793293145 7.083056055304756 1265.28558902 569.495342383 1138.99604865 561.098146958 1159.52371492 558.47736622 1158.70004097 565.47324623 1245.51741431 563.537077604 1245.10022881 570.607837064 1229.0118442 654.205394068 1174.66006081 656.195048016 1201.84130104 661.051515179 1167.33257181 562.659918336 1151.38324904 561.162329343 1224.83998915 602.16417656 1184.40508633 597.307709397 1254.62061598 555.278944013 1152.34598482 547.405904736 1267.00781636 602.217661881 1133.98982259 595.44642022
16.004881589844356 12.58063893244639 7.109195173698682 7.181101038580003 1265.06120703 569.364739688 1138.8786373 561.085211969 1159.35281825 558.368157653 1158.51844724 565.428220049 1245.37860883 563.395777844 1244.92933214 570.562810883 1228.84094752 654.19245908 1174.52125533 656.203507156 1201.71319262 661.038580191 1167.18306927 562.582800962 1151.24444356 561.128000226 1224.6904866 602.09775625 1184.38394856 597.262683216 1254.47111343 555.266009025 1152.22857347 547.392969747 1266.83691969 602.076362122 1133.82962298 595.337211653
15.99039368872271 12.623555605111676 7.174190110565759 7.279240211593461 1264.83682503 569.234136993 1138.76122595 561.072276981 1159.18192157 558.258949087 1158.3368535 565.383193868 1245.23980335 563.254478085 1244.75843546 570.517784702 1228.67005085 654.179524092 1174.38244985 656.211966297 1201.5850842 661.025645203 1167.03356672 562.505683589 1151.10563807 561.09367111 1224.54098406 602.031335941 1184.36281078 597.217657035 1254.32161089 555.253074037 1152.11116211 547.380034759 1266.66602302 601.935062363 1133.66942337 595.228003087
15.976014410978932 12.666480441615894 7.239186355919137 7.377469815151355 1264.61244304 569.103534298 1138.64381459 561.059341993 1159.0110249 558.149740521 1158.15525976 565.338167687 1245.10099787 563.113178326 1244.58753879 570.472758521 1228.49915418 654.166589103 1174.24364437 656.220425437 1201.45697579 661.012710215 1166.88406418 562.428566215 1150.96683259 561.059341993 1224.39148151 601.964915632 1184.34167301 597.172630854 1254.17210834 555.240139048 1151.99375076 547.367099771 1266.49512634 601.793762604 1133.50922376 595.11879452
15.961744040210474 12.709413361349123 7.3041838746788725 7.4757862858944195 1264.38806104 568.972931604 1138.52640324 561.046407005 1158.84012823 558.040531954 1157.97366602 565.293141506 1244.96219239 562.971878567 1244.41664211 570.42773234 1228.3282575 654.153654115 1174.10483889 656.228884577 1201.32886737 660.999775226 1166.73456163 562.351448841 1150.82802711 561.025012876 1224.24197896 601.898495322 1184.32053524 597.127604673 1254.0226058 555.22720406 1151.87633941 547.354164782 1266.32422967 601.652462845 1133.34902415 595.009585954
15.947582888812907 12.752354281831604 7.3691826300000445 7.574186239695022 1264.16367905 568.842328909 1138.40899189 561.033472016 1158.66923155 557.931323388 1157.79207228 565.248115325 1244.82338691 562.830578808 1244.24574544 570.382706159 1228.15736083 654.140719127 1173.96603341 656.237343717 1201.20075895 660.986840238 1166.58505909 562.274331468 1150.68922163 560.990683759 1224.09247642 601.832075013 1184.29939746 597.082578492 1253.87310325 555.214269072 1151.75892805 547.341229794 1266.153333 601.511163086 1133.18882454 594.900377388
15.933531227795898 12.795303122219515 7.43418259255897 7.672666465277802 1263.93929705 568.711726214 1138.29158054 561.020537028 1158.49833488 557.822114821 1157.61047855 565.203089144 1244.68458143 562.689279049 1244.07484877 570.337679978 1227.98646415 654.127784139 1173.82722793 656.245802857 1201.07265054 660.97390525 1166.43555654 562.197214094 1150.55041615 560.956354643 1223.94297387 601.765654703 1184.27825969 597.037552311 1253.72360071 555.201334084 1151.6415167 547.328294806 1265.98243632 601.369863326 1133.02862493 594.791168821
15.919589357322751 12.838259803169262 7.4991837290039784 7.771223911755542 1263.71491506 568.581123519 1138.17416918 561.00760204 1158.3274382 557.712906255 1157.42888481 565.158062963 1244.54577595 562.54797929 1243.90395209 570.292653797 1227.81556748 654.11484915 1173.68842245 656.254261998 1200.94454212 660.960970261 1166.28605399 562.12009672 1150.41161067 560.922025526 1223.79347133 601.699234394 1184.25712191 596.99252613 1253.57409816 555.188399095 1151.52410535 547.315359818 1265.81153965 601.228563567 1132.86842532 594.681960255
15.905757576063362 12.88122424624004 7.564186011241916 7.869855675474855 1263.49053306 568.450520824 1138.05675783 560.994667052 1158.15654153 557.603697689 1157.24729107 565.113036782 1244.40697046 562.406679531 1243.73305542 570.247627616 1227.64467081 654.101914162 1173.54961697 656.262721138 1200.8164337 660.948035273 1166.13655145 562.042979347 1150.27280519 560.887696409 1223.64396878 601.632814084 1184.23598414 596.947499949 1253.42459562 555.175464107 1151.406694 547.302424829 1265.64064297 601.087263808 1132.70822571 594.572751688
15.892036151350013 12.924196374384202 7.6291894098145985 7.968559000127699 1263.26615107 568.319918129 1137.93934648 560.981732063 1157.98564486 557.494489122 1157.06569733 565.068010601 1244.26816498 562.265379772 1243.56215874 570.202601435 1227.47377413 654.088979174 1173.41081148 656.271180278 1200.68832529 660.935100285 1165.9870489 561.965861973 1150.13399971 560.853367292 1223.49446624 601.566393775 1184.21484636 596.902473768 1253.27509307 555.162529119 1151.28928264 547.289489841 1265.4697463 600.945964049 1132.5480261 594.463543122
15.878425389260936 12.967176110489367 7.694193893258464 8.067331257572635 1263.04176907 568.189315434 1137.82193512 560.968797075 1157.81474818 557.385280556 1156.88410359 565.02298442 1244.1293595 562.124080012 1243.39126207 570.157575254 1227.30287746 654.076044186 1173.272006 656.279639418 1200.56021687 660.922165297 1165.83754636 561.888744599 1149.99519423 560.819038176 1223.34496369 601.499973465 1184.19370859 596.857447587 1253.12559052 555.149594131 1151.17187129 547.276554853 1265.29884963 600.80466429 1132.38782649 594.354334556
15.864925564816502 13.010163379500778 7.759199437660275 8.166169945391864 1262.81738708 568.058712739 1137.70452377 560.955862087 1157.64385151 557.27607199 1156.70250985 564.977958239 1243.99055402 561.982780253 1243.2203654 570.112549073 1227.13198079 654.063109197 1173.13320052 656.288098558 1200.43210845 660.909230308 1165.68804381 561.811627226 1149.85638874 560.784709059 1223.19546115 601.433553156 1184.17257081 596.812421406 1252.97608798 555.136659142 1151.05445994 547.263619865 1265.12795295 600.663364531 1132.22762688 594.245125989
15.85153696125196 13.05315810720027 7.8242060139588085 8.265072682274054 1262.59300508 567.928110045 1137.58711242 560.942927098 1157.47295483 557.166863423 1156.52091612 564.932932058 1243.85174854 561.841480494 1243.04946872 570.067522892 1226.96108411 654.050174209 1172.99439504 656.296557699 1200.30400003 660.89629532 1165.53854127 561.734509852 1149.71758326 560.750379942 1223.0459586 601.367132846 1184.15143304 596.767395225 1252.82658543 555.123724154 1150.93704859 547.250684876 1264.95705628 600.522064772 1132.06742727 594.135917423
15.838259850708232 13.096160219726926 7.889213599485229 8.364037194245 1262.36862309 567.79750735 1137.46970107 560.92999211 1157.30205816 557.057654857 1156.33932238 564.887905877 1243.71294306 561.700180735 1242.87857205 570.022496711 1226.79018744 654.037239221 1172.85558956 656.305016839 1200.17589162 660.883360332 1165.38903872 561.657392478 1149.57877778 560.716050825 1222.89645606 601.300712537 1184.13029526 596.722369044 1252.67708289 555.110789166 1150.81963723 547.237749888 1264.7861596 600.380765013 1131.90722766 594.026708856
15.825094533798698 13.13916964476855 7.954222170081509 8.463061316100509 1262.14424109 567.666904655 1137.35228971 560.917057122 1157.13116149 556.94844629 1156.15772864 564.842879697 1243.57413758 561.558880976 1242.70767537 569.97747053 1226.61929076 654.024304232 1172.71678408 656.313475979 1200.0477832 660.870425344 1165.23953618 561.580275105 1149.4399723 560.681721709 1222.74695351 601.234292228 1184.10915749 596.677342863 1252.52758034 555.097854177 1150.70222588 547.2248149 1264.61526293 600.239465254 1131.74702805 593.91750029
15.812041269774525 13.18218631074979 8.019231696642072 8.562142977627964 1261.9198591 567.53630196 1137.23487836 560.904122134 1156.96026481 556.839237724 1155.9761349 564.797853516 1243.4353321 561.417581217 1242.5367787 569.932444349 1226.44839409 654.011369244 1172.5779786 656.321935119 1199.91967478 660.857490355 1165.09003363 561.503157731 1149.30116682 560.647392592 1222.59745096 601.167871918 1184.08801971 596.632316682 1252.3780778 555.084919189 1150.58481453 547.211879911 1264.44436626 600.098165494 1131.58682844 593.808291724
15.79910035636461 13.225210147483216 8.084242160463207 8.66128020509702 1261.6954771 567.405699265 1137.11746701 560.891187145 1156.78936814 556.730029158 1155.79454116 564.752827335 1243.29652662 561.276281458 1242.36588203 569.887418168 1226.27749742 653.998434256 1172.43917312 656.330394259 1199.79156637 660.844555367 1164.94053109 561.426040357 1149.16236134 560.613063475 1222.44794842 601.101451609 1184.06688194 596.587290501 1252.22857525 555.071984201 1150.46740317 547.198944923 1264.27346958 599.956865735 1131.42662883 593.699083157
15.78627204987385 13.268241084294056 8.149253536444112 8.76047111208413 1261.47109511 567.27509657 1137.00005566 560.878252157 1156.61847146 556.620820591 1155.61294743 564.707801154 1243.15772113 561.134981699 1242.19498535 569.842391987 1226.10660074 653.985499268 1172.30036763 656.3388534 1199.66345795 660.831620379 1164.79102854 561.348922983 1149.02355586 560.578734358 1222.29844587 601.035031299 1184.04574417 596.54226432 1252.07907271 555.059049213 1150.34999182 547.186009935 1264.10257291 599.815565976 1131.26642922 593.589874591
15.7735566450435 13.311279052775763 8.214265805836407 8.859713895646333 1261.24671311 567.144493875 1136.8826443 560.865317169 1156.44757479 556.511612025 1155.43135369 564.662774973 1243.01891565 560.99368194 1242.02408868 569.797365806 1225.93570407 653.972564279 1172.16156215 656.34731254 1199.53534953 660.81868539 1164.641526 561.27180561 1148.88475038 560.544405242 1222.14894333 600.96861099 1184.02460639 596.497238139 1251.92957016 555.046114224 1150.23258047 547.173074947 1263.93167623 599.674266217 1131.10622962 593.480666025
15.760954405118468 13.354323985199981 8.27927894715191 8.959006832952308 1261.02233112 567.01389118 1136.76523295 560.852382181 1156.27667812 556.402403458 1155.24975995 564.617748792 1242.88011017 560.852382181 1241.853192 569.752339625 1225.76480739 653.959629291 1172.02275667 656.35577168 1199.40724112 660.805750402 1164.49202345 561.194688236 1148.74594489 560.510076125 1221.99944078 600.90219068 1184.00346862 596.452211958 1251.78006762 555.033179236 1150.11516912 547.160139958 1263.76077956 599.532966458 1130.94603001 593.371457458
15.76874512206655 13.321527216834703 8.253005983411247 8.962527937859681 1260.90981361 566.903227166 1136.69346616 560.798769175 1156.22121162 556.373240886 1155.21059374 564.564135786 1242.76759266 560.782468887 1241.78142522 569.690576476 1225.73379133 653.832664988 1171.9346896 656.25325781 1199.40067548 660.71953682 1164.42025666 561.157375519 1148.66602796 560.480913552 1221.91952385 600.807826954 1183.91540154 596.349698088 1251.62679939 554.930665366 1150.03525218 547.082076521 1263.64826205 599.544554606 1131.06986668 593.480847337
15.776540412495642 13.288734481797075 8.22675408157503 8.966240278719773 1260.7972961 566.792563152 1136.62169937 560.74515617 1156.16574512 556.344078313 1155.17142753 564.510522781 1242.65507515 560.712555593 1241.70965843 569.628813326 1225.70277526 653.705700686 1171.84662252 656.150743939 1199.39410985 660.633323238 1164.34848987 561.120062802 1148.58611103 560.45175098 1221.83960692 600.713463228 1183.82733446 596.247184218 1251.47353116 554.828151496 1149.95533525 547.004013083 1263.53574454 599.556142755 1131.19370335 593.590237215
15.784340279747221 13.255945810521661 8.200523441912667 8.97014361794817 1260.68477859 566.681899137 1136.54993259 560.691543165 1156.11027862 556.31491574 1155.13226132 564.456909776 1242.54255764 560.6426423 1241.63789164 569.567050177 1225.67175919 653.578736383 1171.75855544 656.048230069 1199.38754421 660.547109657 1164.27672309 561.082750086 1148.5061941 560.422588407 1221.75968999 600.619099502 1183.73926739 596.144670347 1251.32026293 554.725637625 1149.87541832 546.925949645 1263.42322703 599.567730903 1131.31754002 593.699627093
15.79214469694571 13.223161231718775 8.174314269292736 8.974237708278725 1260.57226108 566.571235123 1136.4781658 560.63793016 1156.05481212 556.285753168 1155.0930951 564.403296771 1242.43004014 560.572729006 1241.56612485 569.505287028 1225.64074313 653.45177208 1171.67048837 655.945716199 1199.38097858 660.460896075 1164.2049563 561.045437369 1148.42627717 560.393425834 1221.67977305 600.524735776 1183.65120031 596.042156477 1251.1669947 554.623123755 1149.79550139 546.847886208 1263.31070952 599.579319051 1131.44137669 593.809016972
15.799953677318001 13.190380776434866 8.148126770482293 8.978522283817075 1260.45974357 566.460571108 1136.40639901 560.584317155 1155.99934562 556.256590595 1155.05392889 564.349683766 1242.31752263 560.502815713 1241.49435806 569.443523878 1225.60972706 653.324807777 1171.58242129 655.843202329 1199.37441294 660.374682493 1164.13318951 561.008124652 1148.34636023 560.364263262 1221.59985612 600.43037205 1183.56313323 595.939642607 1251.01372647 554.520609885 1149.71558446 546.76982277 1263.19819202 599.590907199 1131.56521337 593.91840685
15.807767194215575 13.157604475954578 8.121961154336935 8.982997076114367 1260.34722606 566.349907094 1136.33463222 560.53070415 1155.94387912 556.227428023 1155.01476268 564.296070761 1242.20500512 560.432902419 1241.42259128 569.381760729 1225.57871099 653.197843474 1171.49435421 655.740688458 1199.36784731 660.288468911 1164.06142272 560.970811935 1148.2664433 560.335100689 1221.51993919 600.336008324 1183.47506616 595.837128737 1250.86045824 554.418096015 1149.63566752 546.691759332 1263.08567451 599.602495348 1131.68905004 594.027796729
15.815585250809967 13.124832360951322 8.095817634033171 8.987661798859644 1260.23470855 566.239243079 1136.26286543 560.477091144 1155.88841262 556.19826545 1154.97559647 564.242457755 1242.09248761 560.362989126 1241.35082449 569.319997579 1225.54769492 653.070879172 1171.40628714 655.638174588 1199.36128167 660.202255329 1163.98965593 560.933499218 1148.18652637 560.305938117 1221.44002226 600.241644598 1183.38699908 595.734614866 1250.70719001 554.315582144 1149.55575059 546.613695894 1262.973157 599.614083496 1131.81288671 594.137186607
15.823407850483676 13.092064464298387 8.069696425317499 8.992516159549963 1260.12219104 566.128579065 1136.19109865 560.423478139 1155.83294612 556.169102877 1154.93643026 564.18884475 1241.9799701 560.293075832 1241.2790577 569.25823443 1225.51667886 652.943914869 1171.31822006 655.535660718 1199.35471604 660.116041747 1163.91788915 560.896186502 1148.10660944 560.276775544 1221.36010532 600.147280872 1183.298932 595.632100996 1250.55392178 554.213068274 1149.47583366 546.535632457 1262.86063949 599.625671644 1131.93672338 594.246576486
15.831234976406245 13.059300815311454 8.04359774356031 8.997559848258508 1260.00967354 566.017915051 1136.11933186 560.369865134 1155.77747962 556.139940305 1154.89726405 564.135231745 1241.86745259 560.223162539 1241.20729091 569.196471281 1225.48566279 652.816950566 1171.23015298 655.433146848 1199.3481504 660.029828165 1163.84612236 560.858873785 1148.0266925 560.247612971 1221.28018839 600.052917146 1183.21086493 595.529587126 1250.40065355 554.110554404 1149.39591673 546.457569019 1262.74812198 599.637259792 1132.06056006 594.355966364
15.839066611876426 13.026541447467741 8.01752181074872 9.002792547775238 1259.89715603 565.907251036 1136.04756507 560.316252129 1155.72201312 556.110777732 1154.85809784 564.08161874 1241.75493508 560.153249245 1241.13552412 569.134708131 1225.45464672 652.689986263 1171.14208591 655.330632977 1199.34158477 659.943614583 1163.77435557 560.821561068 1147.94677557 560.218450399 1221.20027146 599.95855342 1183.12279785 595.427073256 1250.24738532 554.008040534 1149.31599979 546.379505581 1262.63560447 599.648847941 1132.18439673 594.465356242
15.84690276026254 12.993786393933844 7.991468849627485 9.008213928079256 1259.78463852 565.796587022 1135.97579828 560.262639124 1155.66654662 556.081615159 1154.81893162 564.028005735 1241.64241757 560.083335952 1241.06375734 569.072944982 1225.42363065 652.56302196 1171.05401883 655.228119107 1199.33501914 659.857401001 1163.70258878 560.784248351 1147.86685864 560.189287826 1221.12035453 599.864189694 1183.03473078 595.324559385 1250.09411709 553.905526663 1149.23608286 546.301442144 1262.52308696 599.660436089 1132.3082334 594.574746121
15.854743414833898 12.961035685223361 7.965439082457271 9.013823651050984 1259.67212101 565.685923007 1135.90403149 560.209026118 1155.61108012 556.052452587 1154.77976541 563.97439273 1241.52990006 560.013422658 1240.99199055 569.011181833 1225.39261459 652.436057658 1170.96595175 655.125605237 1199.3284535 659.77118742 1163.63082199 560.746935634 1147.78694171 560.160125253 1221.0404376 599.769825967 1182.9466637 595.222045515 1249.94084886 553.803012793 1149.15616593 546.223378706 1262.41056945 599.672024237 1132.43207007 594.684135999
15.862588578902603 12.928289355748039 7.939432739457093 9.019621361593503 1259.5596035 565.575258993 1135.8322647 560.155413113 1155.55561362 556.023290014 1154.7405992 563.920779724 1241.41738255 559.943509365 1240.92022376 568.949418683 1225.36159852 652.309093355 1170.87788468 655.023091367 1199.32188787 659.684973838 1163.5590552 560.709622918 1147.70702477 560.130962681 1220.96052066 599.675462241 1182.85859662 595.119531645 1249.78758063 553.700498923 1149.076249 546.145315268 1262.29805194 599.683612386 1132.55590674 594.793525878
15.870438235802467 12.895547439495852 7.913450051567013 9.025606701933707 1259.44708599 565.464594978 1135.76049792 560.101800108 1155.50014712 555.994127442 1154.70143299 563.867166719 1241.30486505 559.873596071 1240.84845697 568.887655534 1225.33058245 652.182129052 1170.7898176 654.920577496 1199.31532223 659.598760256 1163.48728842 560.672310201 1147.62710784 560.101800108 1220.88060373 599.581098515 1182.77052955 595.017017775 1249.6343124 553.597985053 1148.99633206 546.06725183 1262.18553443 599.695200534 1132.67974342 594.902915756
15.878292368841633 12.862809968522102 7.887491253553445 9.031779294998508 1259.33456848 565.353930964 1135.68873113 560.048187103 1155.44468062 555.964964869 1154.66226678 563.813553714 1241.19234754 559.803682778 1240.77669018 568.825892385 1225.29956639 652.055164749 1170.70175053 654.818063626 1199.3087566 659.512546674 1163.41552163 560.634997484 1147.54719091 560.072637536 1220.8006868 599.486734789 1182.68246247 594.914503904 1249.48104417 553.495471182 1148.91641513 545.989188393 1262.07301693 599.706788682 1132.80358009 595.012305635
15.886150981430113 12.830076977677791 7.861556581064337 9.038138758267575 1259.22205097 565.24326695 1135.61696434 559.994574098 1155.38921412 555.935802296 1154.62310057 563.759940709 1241.07983003 559.733769484 1240.7049234 568.764129235 1225.26855032 651.928200446 1170.61368345 654.715549756 1199.30219096 659.426333092 1163.34375484 560.597684767 1147.46727398 560.043474963 1220.72076987 599.392371063 1182.59439539 594.811990034 1249.32777594 553.392957312 1148.8364982 545.911124955 1261.96049942 599.71837683 1132.92741676 595.121695513
15.89401406688811 12.797348502340764 7.835646272658614 9.044684698440285 1259.10953346 565.132602935 1135.54519755 559.940961093 1155.33374762 555.906639724 1154.58393436 563.706327704 1240.96731252 559.663856191 1240.63315661 568.702366086 1225.23753425 651.801236144 1170.52561637 654.613035886 1199.29562533 659.34011951 1163.27198805 560.56037205 1147.38735705 560.01431239 1220.64085293 599.298007337 1182.50632832 594.709476164 1249.17450771 553.290443442 1148.75658127 545.833061517 1261.84798191 599.729964979 1133.05125343 595.231085391
15.901881628540803 12.764624575083294 7.809760572833618 9.051416711479588 1258.99701595 565.021938921 1135.47343076 559.887348087 1155.27828112 555.877477151 1154.54476815 563.652714699 1240.85479501 559.593942897 1240.56138982 568.640602937 1225.20651818 651.674271841 1170.4375493 654.510522015 1199.28905969 659.253905928 1163.20022126 560.523059333 1147.30744011 559.985149818 1220.560936 599.203643611 1182.41826124 594.606962294 1249.02123948 553.187929572 1148.67666434 545.75499808 1261.7354644 599.741553127 1133.17509011 595.34047527
15.909753649869819 12.731905232295901 7.783899726020804 9.058334380529368 1258.88449845 564.911274906 1135.40166398 559.833735082 1155.22281462 555.848314578 1154.50560193 563.599101693 1240.7422775 559.524029603 1240.48962303 568.578839787 1225.17550212 651.547307538 1170.34948222 654.408008145 1199.28249406 659.167692346 1163.12845448 560.485746617 1147.22752318 559.955987245 1220.48101907 599.109279885 1182.33019416 594.504448423 1248.86797125 553.085415701 1148.5967474 545.676934642 1261.62294689 599.753141275 1133.29892678 595.449865148
15.917630114162234 12.699190510253212 7.758063979891686 9.065437281574809 1258.77198094 564.800610892 1135.32989719 559.780122077 1155.16734812 555.819152006 1154.46643572 563.545488688 1240.62975999 559.45411631 1240.41785624 568.517076638 1225.14448605 651.420343235 1170.26141514 654.305494275 1199.27592842 659.081478764 1163.05668769 560.4484339 1147.14760625 559.926824672 1220.40110214 599.014916159 1182.24212709 594.401934553 1248.71470302 552.982901831 1148.51683047 545.598871204 1261.51042938 599.764729423 1133.42276345 595.559255027
15.925511024807381 12.666480441616011 7.732253587997367 9.072724980380755 1258.65946343 564.689946877 1135.2581304 559.726509072 1155.11188162 555.789989433 1154.42726951 563.491875683 1240.51724248 559.384203016 1240.34608946 568.455313489 1225.11346998 651.293378933 1170.17334807 654.202980405 1199.26936279 658.995265183 1162.9849209 560.411121183 1147.06768932 559.8976621 1220.32118521 598.920552433 1182.15406001 594.299420683 1248.56143479 552.880387961 1148.43691354 545.520807766 1261.39791187 599.776317572 1133.54660012 595.668644905
15.93339638526739 12.633775065821014 7.70646880408024 9.080197029420283 1258.54694592 564.579282863 1135.18636361 559.672896067 1155.05641512 555.76082686 1154.3881033 563.438262678 1240.40472497 559.314289723 1240.27432267 568.393550339 1225.08245392 651.16641463 1170.08528099 654.100466535 1199.26279715 658.909051601 1162.91315411 560.373808466 1146.98777238 559.868499527 1220.24126827 598.826188707 1182.06599293 594.196906813 1248.40816656 552.777874091 1148.35699661 545.442744329 1261.28539436 599.78790572 1133.67043679 595.778034784
15.941286168931049 12.601074419135541 7.680709885048126 9.0878529778341 1258.43442841 564.468618849 1135.11459682 559.619283062 1155.00094862 555.731664288 1154.34893709 563.384649673 1240.29220747 559.244376429 1240.20255588 568.33178719 1225.05143785 651.039450327 1169.99721391 653.997952664 1199.25623152 658.822838019 1162.84138732 560.336495749 1146.90785545 559.839336954 1220.16135134 598.731824981 1181.97792586 594.094392942 1248.25489833 552.67536022 1148.27707967 545.364680891 1261.17287685 599.799493868 1133.79427347 595.887424662
15.94918038920939 12.568378536717375 7.6549770940091415 9.095692358014999 1258.3219109 564.357954834 1135.04283004 559.565670056 1154.94548212 555.702501715 1154.30977088 563.331036668 1240.17968996 559.174463136 1240.13078909 568.270024041 1225.02042178 650.912486024 1169.90914684 653.895438794 1199.24966588 658.736624437 1162.76962054 560.299183033 1146.82793852 559.810174382 1220.08143441 598.637461255 1181.88985878 593.991879072 1248.1016301 552.57284635 1148.19716274 545.286617453 1261.06035934 599.811082017 1133.91811014 595.99681454
15.95707901954245 12.535687456612981 7.62927069234509 9.103714697233771 1258.20939339 564.24729082 1134.97106325 559.512057051 1154.89001562 555.673339143 1154.27060467 563.277423662 1240.06717245 559.104549842 1240.0590223 568.208260891 1224.98940571 650.785521721 1169.82107976 653.792924924 1199.24310025 658.650410855 1162.69785375 560.261870316 1146.74802159 559.781011809 1220.00151748 598.543097529 1181.80179171 593.889365202 1247.94836187 552.47033248 1148.11724581 545.208554016 1260.94784184 599.822670165 1134.04194681 596.106204419
15.964982063335446 12.503001217719339 7.6035909525091565 9.111919512246768 1258.09687588 564.136626805 1134.89929646 559.458444046 1154.83454912 555.64417657 1154.23143845 563.223810657 1239.95465494 559.034636549 1239.98725551 568.146497742 1224.95838965 650.658557419 1169.73301268 653.690411054 1199.23653462 658.564197273 1162.62608696 560.224557599 1146.66810466 559.751849237 1219.92160054 598.448733803 1181.71372463 593.786851332 1247.79509364 552.36781861 1148.03732888 545.130490578 1260.83532433 599.834258313 1134.16578348 596.215594297
15.972889524092231 12.47031985588149 7.577938141925827 9.120306310657616 1257.98435837 564.025962791 1134.82752967 559.404831041 1154.77908262 555.615013997 1154.19227224 563.170197652 1239.84213743 558.964723255 1239.91548873 568.084734592 1224.92737358 650.531593116 1169.64494561 653.587897183 1199.22996898 658.477983691 1162.55432017 560.187244882 1146.58818772 559.722686664 1219.84168361 598.354370076 1181.62565755 593.684337461 1247.64182541 552.265304739 1147.95741195 545.05242714 1260.72280682 599.845846461 1134.28962016 596.324984176
15.980801375249715 12.43764341075526 7.552312534828405 9.12887459077954 1257.87184086 563.915298776 1134.75576288 559.351218036 1154.72361612 555.585851425 1154.15310603 563.116584647 1239.72961992 558.894809962 1239.84372194 568.022971443 1224.89635751 650.404628813 1169.55687853 653.485383313 1199.22340335 658.391770109 1162.48255338 560.149932165 1146.50827079 559.693524091 1219.76176668 598.26000635 1181.53759048 593.581823591 1247.48855718 552.162790869 1147.87749501 544.974363703 1260.61028931 599.85743461 1134.41345683 596.434374054
15.98871763026758 12.404971922089642 7.526714411073804 9.137623843126256 1257.75932336 563.804634762 1134.6839961 559.297605031 1154.66814962 555.556688852 1154.11393982 563.062971642 1239.61710241 558.824896668 1239.77195515 567.961208294 1224.86534145 650.27766451 1169.46881146 653.382869443 1199.21683771 658.305556527 1162.4107866 560.112619449 1146.42835386 559.664361519 1219.68184975 598.165642624 1181.4495234 593.479309721 1247.33528895 552.060276999 1147.79757808 544.896300265 1260.4977718 599.869022758 1134.5372935 596.543763933
15.996638262630421 12.372305427063164 7.501144051020787 9.14655354536697 1257.64680585 563.693970748 1134.61222931 559.243992025 1154.61268312 555.527526279 1154.07477361 563.009358637 1239.5045849 558.754983375 1239.70018836 567.899445144 1224.83432538 650.150700207 1169.38074438 653.280355573 1199.21027208 658.219342946 1162.33901981 560.075306732 1146.34843693 559.635198946 1219.60193282 598.071278898 1181.36145632 593.376795851 1247.18202072 551.957763129 1147.71766115 544.818236827 1260.38525429 599.880610906 1134.66113017 596.653153811
16.004563285816218 12.339643967507252 7.475601738269919 9.15566317350621 1257.53428834 563.583306733 1134.54046252 559.19037902 1154.55721663 555.498363707 1154.0356074 562.955745631 1239.39206739 558.685070081 1239.62842157 567.837681995 1224.80330931 650.023735905 1169.2926773 653.177841702 1199.20370644 658.133129364 1162.26725302 560.037994015 1146.26851999 559.606036373 1219.52201588 597.976915172 1181.27338925 593.27428198 1247.02875249 551.855249258 1147.63774422 544.740173389 1260.27273678 599.892199054 1134.78496684 596.762543689
16.012492673301573 12.306987581353006 7.45008776388643 9.164952188333402 1257.42177083 563.472642719 1134.46869573 559.136766015 1154.50175013 555.469201134 1153.99644119 562.902132626 1239.27954988 558.615156788 1239.55665479 567.775918846 1224.77229324 649.896771602 1169.20461023 653.075327832 1199.19714081 658.046915782 1162.19548623 560.000681298 1146.18860306 559.576873801 1219.44209895 597.882551446 1181.18532217 593.17176811 1246.87548426 551.752735388 1147.55782728 544.662109952 1260.16021927 599.903787203 1134.90880352 596.871933568
16.020426428641457 12.274336310241459 7.424602417728271 9.174420045057351 1257.30925332 563.361978704 1134.39692894 559.08315301 1154.44628363 555.440038562 1153.95727498 562.848519621 1239.16703238 558.545243494 1239.484888 567.714155696 1224.74127718 649.769807299 1169.11654315 652.972813962 1199.19057517 657.9607022 1162.12371944 559.963368581 1146.10868613 559.547711228 1219.36218202 597.78818772 1181.09725509 593.06925424 1246.72221603 551.650221518 1147.47791035 544.584046514 1260.04770176 599.915375351 1135.03264019 596.981323446
16.028364555319094 12.241690195975133 7.39914599825833 9.184066191478504 1257.19673581 563.25131469 1134.32516216 559.029540005 1154.39081713 555.410875989 1153.91810876 562.794906616 1239.05451487 558.475330201 1239.41312121 567.652392547 1224.71026111 649.642842996 1169.02847607 652.870300092 1199.18400954 657.874488618 1162.05195266 559.926055865 1146.0287692 559.518548656 1219.28226509 597.693823994 1181.00918802 592.96674037 1246.5689478 551.547707648 1147.39799342 544.505983076 1259.93518426 599.926963499 1135.15647686 597.090713325
16.036307026864133 12.209049277026434 7.373718802756478 9.193890067114932 1257.0842183 563.140650675 1134.25339537 558.975927 1154.33535063 555.381713416 1153.87894255 562.741293611 1238.94199736 558.405416907 1239.34135442 567.590629398 1224.67924504 649.515878694 1168.940409 652.767786221 1199.1774439 657.788275036 1161.98018587 559.888743148 1145.94885227 559.489386083 1219.20234815 597.599460268 1180.92112094 592.864226499 1246.41567957 551.445193777 1147.31807649 544.427919639 1259.82266675 599.938551647 1135.28031353 597.200103203
16.04425385680327 12.176413598091955 7.348321134258907 9.203891100867612 1256.97170079 563.029986661 1134.18162858 558.922313994 1154.27988413 555.352550844 1153.83977634 562.687680606 1238.82947985 558.335503613 1239.26958763 567.528866248 1224.64822898 649.388914391 1168.85234192 652.665272351 1199.17087827 657.702061454 1161.90841908 559.851430431 1145.86893533 559.46022351 1219.12243122 597.505096542 1180.83305386 592.761712629 1246.26241134 551.342679907 1147.23815956 544.349856201 1259.71014924 599.950139796 1135.40415021 597.309493081
16.05220501866075 12.143783201497211 7.322953300992976 9.214068717387581 1256.85918328 562.919322647 1134.10986179 558.868700989 1154.22441763 555.323388271 1153.80061013 562.6340676 1238.71696234 558.26559032 1239.19782085 567.467103099 1224.61721291 649.261950088 1168.76427484 652.562758481 1199.16431263 657.615847872 1161.83665229 559.814117714 1145.7890184 559.431060938 1219.04251429 597.410732816 1180.74498679 592.659198759 1246.10914311 551.240166037 1147.15824262 544.271792763 1259.59763173 599.961727944 1135.52798688 597.41888296
16.060160516032273 12.111158127883217 7.2976156150951095 9.224422332185421 1256.74666577 562.808658632 1134.038095 558.815087984 1154.16895113 555.294225698 1153.76144392 562.580454595 1238.60444483 558.195677026 1239.12605406 567.40533995 1224.58619684 649.134985785 1168.67620777 652.460244611 1199.157747 657.52963429 1161.7648855 559.776804997 1145.70910147 559.401898365 1218.96259736 597.31636909 1180.65691971 592.556684889 1245.95587488 551.137652167 1147.07832569 544.193729325 1259.48511422 599.973316092 1135.65182355 597.528272838
16.068120342453803 12.078538421370828 7.2723083896703935 9.234951350793414 1256.63414827 562.697994618 1133.96632822 558.761474979 1154.11348463 555.265063126 1153.72227771 562.52684159 1238.49192732 558.125763733 1239.05428727 567.3435768 1224.55518077 649.008021482 1168.58814069 652.35773074 1199.15118137 657.443420708 1161.69311871 559.73949228 1145.62918454 559.372735792 1218.88268042 597.222005364 1180.56885264 592.454171018 1245.80260665 551.035138296 1146.99840876 544.115665888 1259.37259671 599.984904241 1135.77566022 597.637662717
16.07608451149067 12.04592412660908 7.247031945837664 9.245655177944144 1256.52163076 562.587330603 1133.89456143 558.707861974 1154.05801813 555.235900553 1153.6831115 562.473228585 1238.37940981 558.055850439 1238.98252048 567.281813651 1224.52416471 648.88105718 1168.50007361 652.25521687 1199.14461573 657.357207127 1161.62135193 559.702179564 1145.5492676 559.34357322 1218.80276349 597.127641638 1180.48078556 592.351657148 1245.64933842 550.932624426 1146.91849183 544.03760245 1259.2600792 599.996492389 1135.8994969 597.747052595
16.084052976731215 12.013315285631903 7.221786606293699 9.25653320422888 1256.40911325 562.476666589 1133.82279464 558.654248969 1154.00255163 555.20673798 1153.64394528 562.41961558 1238.2668923 557.985937146 1238.91075369 567.220050502 1224.49314864 648.754092877 1168.41200654 652.152703 1199.1380501 657.270993545 1161.54958514 559.664866847 1145.46935067 559.314410647 1218.72284656 597.033277911 1180.39271848 592.249143278 1245.49607019 550.830110556 1146.83857489 543.959539012 1259.14756169 600.008080537 1136.02333357 597.856442474
16.09202575173729 11.980711944000063 7.196572695359889 9.267584817970842 1256.29659574 562.366002574 1133.75102785 558.600635963 1153.94708513 555.177575408 1153.60477907 562.366002574 1238.15437479 557.916023852 1238.83898691 567.158287352 1224.46213257 648.627128574 1168.32393946 652.05018913 1199.13148446 657.184779963 1161.47781835 559.62755413 1145.38943374 559.285248075 1218.64292963 596.938914185 1180.30465141 592.146629408 1245.34280196 550.727596686 1146.75865796 543.881475575 1259.03504418 600.019668685 1136.14717024 597.965832352
